{"weights": [[-0.00017411605813148485, -0.0257829756067198], [0.0003132801442434256, -0.023151716119429157], [-0.00013915937987211342, 0.048934690322418775]], "bias": [3.137301647795158, 3.100276226159322, -5.237577874323083]}