{"weights": [[6.118313696861348e-05, -0.05943442824828098, -0.0009334098961310093], [0.00020800383415178636, -0.004478549167341668, -0.0011750109442262534], [-0.0002772440197742022, 0.06392046809325955, 0.002106259192459544]], "bias": [5.1853900891124765, 0.7812948459386235, -4.967005957886802]}