{
  "weights": [
    [
      -0.0001772752351445506,
      -0.025803909859823233,
      0.000309718661712699,
      0.001096751222446064
    ],
    [
      0.0003191129588060666,
      -0.023112240330121308,
      -0.0005527128850511594,
      -0.0020643865069524805
    ],
    [
      -0.00014183302328721591,
      0.048916148754989904,
      0.00024299497561432702,
      0.000967636955223053
    ],
    [
      3.507087615443945e-05,
      -0.001143228077197995,
      -0.05943862964913605,
      -0.0008940873411170173
    ],
    [
      0.00025092311266808044,
      0.001879060744762331,
      -0.004471643557186136,
      -0.0012396432524981655
    ],
    [
      -0.0002943245177652963,
      -0.0007478059833618701,
      0.06391771988162913,
      0.002131980780747193
    ]
  ],
  "bias": [
    2.9834529600723654,
    3.38743544728243,
    -5.370888664571876,
    5.314021725381452,
    0.5698701415699161,
    -4.8828656982394625
  ]
}